timestamp,energy_kWh,temperature_C,occupancy_pct,building_type
2024-01-01 00:00:00,58.97310794692265,14.844798394179357,0.015361820577727555,Residential
2024-01-01 01:00:00,57.40424377732457,10.387389195645344,0.09612753663810865,Residential
2024-01-01 02:00:00,51.99568120497221,29.060235804566876,0.3742836787884219,Residential
2024-01-01 03:00:00,44.73085713393641,15.276779999296446,0.16351021496721674,Residential
2024-01-01 04:00:00,76.25693798132792,28.228847288204935,0.361467352003388,Office
2024-01-01 05:00:00,51.5651232063285,29.437980515687414,0.41310583559943875,Office
2024-01-01 06:00:00,58.241795305845976,11.039968625011136,0.41417971417586236,Residential
2024-01-01 07:00:00,48.51044059927914,16.618778780404554,0.08936086997138797,Office
2024-01-01 08:00:00,66.3254395952565,13.299602685486223,0.15460952368118885,Office
2024-01-01 09:00:00,63.0749100060771,26.673608361846938,0.24639301724295865,Office
2024-01-01 10:00:00,66.06999949617168,11.820276334843811,0.6902739959591017,Residential
2024-01-01 11:00:00,49.98198936014726,18.994505673824836,0.14394155170503076,Residential
2024-01-01 12:00:00,64.18170636052676,22.15671410650895,0.49281646278857355,Residential
2024-01-01 13:00:00,48.42177454476611,19.408478961846228,0.42865251911313157,Office
2024-01-01 14:00:00,41.14008416013047,22.850586956339903,0.3556131967620665,Office
2024-01-01 15:00:00,41.56009624446479,25.948549210022755,0.21486602874960745,Office
2024-01-01 16:00:00,40.50175123629115,20.760635793297126,0.5300965122286843,Residential
2024-01-01 17:00:00,18.781178848668528,12.688983877271065,0.2724051188322321,Residential
2024-01-01 18:00:00,66.01569920238035,23.965595867296727,0.29066758606501153,Residential
2024-01-01 19:00:00,45.326871044145534,28.1118323255469,0.7254225799348992,Residential
2024-01-01 20:00:00,43.30830101189335,28.897624111462857,0.405490316075695,Office
2024-01-01 21:00:00,40.1726427630367,11.065715357792437,0.21998190307103763,Office
2024-01-01 22:00:00,53.64685276675,23.79470018495016,0.40596009308053627,Office
2024-01-01 23:00:00,66.68194762011643,13.668462593514125,0.26292195503581534,Residential
2024-01-02 00:00:00,54.74154045619163,26.45297893960055,0.7874224251787834,Residential
2024-01-02 01:00:00,69.27086271979334,11.04811134835849,0.11978667496054837,Residential
2024-01-02 02:00:00,64.95341350573023,26.539504867235365,0.07912838467968865,Residential
2024-01-02 03:00:00,63.221537191108816,22.301498154432537,0.25081622144260696,Residential
2024-01-02 04:00:00,28.43025035383995,15.629616159410189,0.11573196809419388,Office
2024-01-02 05:00:00,57.252381082044636,12.456171135911902,0.4348699763508101,Residential
2024-01-02 06:00:00,35.19406057071823,23.41351674913176,0.1301730464710103,Residential
2024-01-02 07:00:00,63.68983603169295,10.237184430923703,0.19340614190483632,Office
2024-01-02 08:00:00,50.51445100176107,25.370108887895523,0.039245304400161204,Office
2024-01-02 09:00:00,62.23931877917697,13.940436509873873,0.13616746643772953,Residential
2024-01-02 10:00:00,54.36960092188266,24.41305685135956,0.46153515766229775,Office
2024-01-02 11:00:00,69.12688385107371,15.918409189715215,0.2046778709134616,Office
2024-01-02 12:00:00,46.091533753779345,21.326030036464452,0.1559738873271012,Office
2024-01-02 13:00:00,71.74361243039415,22.623957696963558,0.15703630542203353,Residential
2024-01-02 14:00:00,43.622005237976005,16.629897289676386,0.15788965942682248,Residential
2024-01-02 15:00:00,48.53048177234338,22.610078644557177,0.18326139360376142,Residential
2024-01-02 16:00:00,53.38612071540045,27.718648684342607,0.11043377211637587,Office
2024-01-02 17:00:00,39.190089555671534,23.532199104886757,0.2101800749435665,Residential
2024-01-02 18:00:00,50.00400030704469,11.188499729891333,0.11635215246311922,Residential
2024-01-02 19:00:00,24.498100078183292,18.91482732317403,0.018065873538215874,Residential
2024-01-02 20:00:00,44.5041955721368,29.877084464713178,0.2505672554114673,Residential
2024-01-02 21:00:00,53.515532200815784,27.847526817570557,0.10618835911579734,Residential
2024-01-02 22:00:00,45.14059127220302,18.53557614643765,0.10423084428147351,Residential
2024-01-02 23:00:00,46.73870565784237,27.70735075008983,0.2747483714552078,Residential
2024-01-03 00:00:00,65.48972912302477,29.58392954138485,0.22266879570778053,Residential
2024-01-03 01:00:00,30.6418046816206,12.114143834680322,0.038333280161879944,Office
2024-01-03 02:00:00,34.64287909903056,11.874438022300335,0.11042812565945266,Office
2024-01-03 03:00:00,34.93952698018262,14.829078772142223,0.45213052820983224,Office
2024-01-03 04:00:00,41.224391988114114,16.232154401610785,0.45476574716209356,Office
2024-01-03 05:00:00,33.145250710339624,19.67225097310783,0.37115670247344695,Office
2024-01-03 06:00:00,51.69137835987657,25.41752810970738,0.38988555904264127,Residential
2024-01-03 07:00:00,48.80596671788804,15.241486119890538,0.5271102419041966,Residential
2024-01-03 08:00:00,37.739169849750525,28.103571151143058,0.44572161887722817,Office
2024-01-03 09:00:00,54.95230828333856,18.77559509751905,0.2041006829592331,Residential
2024-01-03 10:00:00,57.67265666957314,27.136830729949665,0.019246094592983896,Residential
2024-01-03 11:00:00,61.047143834322455,18.80356210741695,0.3535753949315554,Residential
2024-01-03 12:00:00,50.206731822695424,17.611252701253832,0.2645035553115543,Residential
2024-01-03 13:00:00,37.96004411694527,15.27586954420682,0.4081087195946455,Residential
2024-01-03 14:00:00,38.08138852151929,18.704823558612418,0.39214869352175813,Office
2024-01-03 15:00:00,53.66568085789235,20.675434565688185,0.291338006630798,Office
2024-01-03 16:00:00,67.86928780237339,15.109185826308087,0.2435976568002425,Residential
2024-01-03 17:00:00,33.93873733948104,24.76253567939071,0.1379529096420498,Office
2024-01-03 18:00:00,67.04771307234316,16.408690028069664,0.5907645827549068,Residential
2024-01-03 19:00:00,62.25290364324091,20.001250525960725,0.30241988281303583,Office
2024-01-03 20:00:00,87.5886867457684,16.279704163213943,0.3874252788908349,Residential
2024-01-03 21:00:00,44.954460509494396,19.658535844215205,0.11330247898828967,Residential
2024-01-03 22:00:00,51.47539091808611,29.441128959704592,0.5581219573705033,Residential
2024-01-03 23:00:00,37.13150736243442,23.27008805131314,0.14409294858617774,Office
2024-01-04 00:00:00,68.73773922652967,15.191906752476065,0.11229718657071266,Residential
2024-01-04 01:00:00,40.72885258793567,29.77491208554926,0.5358116148786705,Residential
2024-01-04 02:00:00,75.51536027882865,17.764952827066917,0.4485582136379992,Residential
2024-01-04 03:00:00,46.01787774665401,13.095535113691732,0.2897849864830124,Residential
2024-01-04 04:00:00,71.92132592721362,14.01046633804414,0.2120369498353127,Office
2024-01-04 05:00:00,68.1052366325554,20.374752626950414,0.27827703419734373,Residential
2024-01-04 06:00:00,44.89835498670064,19.92835572918628,0.32184373699217905,Residential
2024-01-04 07:00:00,43.65603069578265,26.426440974686244,0.2526217516528971,Office
2024-01-04 08:00:00,65.61759617912807,23.705414263924034,0.4386707747495621,Residential
2024-01-04 09:00:00,39.660465615317044,29.061404986952194,0.26968428589904786,Office
2024-01-04 10:00:00,63.62479026697006,14.456601007035692,0.5736113512931292,Office
2024-01-04 11:00:00,48.66512360039875,25.531401028561767,0.21423624395782967,Office
2024-01-04 12:00:00,23.639971685175915,11.488196772676345,0.503003818459401,Office
2024-01-04 13:00:00,32.55704496948348,23.652329837412637,0.49930898892041603,Office
2024-01-04 14:00:00,31.101647770698264,16.692832284748373,0.08563330487693385,Office
2024-01-04 15:00:00,26.450741035344496,24.532494241320478,0.2414145633218921,Office
2024-01-04 16:00:00,43.76042530612444,11.99366492509662,0.04748441063063603,Residential
2024-01-04 17:00:00,42.62897769773063,21.89884688990733,0.514150270419226,Office
2024-01-04 18:00:00,17.843196317560498,23.375101027386798,0.09216401331268873,Residential
2024-01-04 19:00:00,69.11413331456876,11.403907194250992,0.09441867075206012,Office
2024-01-04 20:00:00,70.90246078890407,11.657477834571994,0.17823977814324812,Residential
2024-01-04 21:00:00,38.28196218498314,19.88885356923698,0.2253863827303321,Office
2024-01-04 22:00:00,55.23578427692237,29.452659924542544,0.2620411155056755,Residential
2024-01-04 23:00:00,61.89359704991969,29.40527626618301,0.5542278764883769,Residential
2024-01-05 00:00:00,41.59763707550928,19.129896167616458,0.19215417406934462,Residential
2024-01-05 01:00:00,41.12229152104106,11.192524878189278,0.06576070573839582,Residential
2024-01-05 02:00:00,31.94116692115425,10.645314065045739,0.6308438894050463,Office
2024-01-05 03:00:00,50.199640743771,14.164879984075974,0.14176253561064608,Residential
2024-01-05 04:00:00,44.31421572467704,25.98564077053836,0.40448532767291817,Office
2024-01-05 05:00:00,49.1311102871248,13.003045979798532,0.35689969544900607,Office
2024-01-05 06:00:00,49.27142097501193,16.979371767324206,0.5091975957656827,Office
2024-01-05 07:00:00,19.27606581794253,12.606634284768932,0.35327633875511116,Office
2024-01-05 08:00:00,51.24736175601177,23.80458702816984,0.4734710960817325,Residential
2024-01-05 09:00:00,31.109260934264636,14.378198968057275,0.09948985918147914,Office
2024-01-05 10:00:00,45.16995018853402,12.942219526099732,0.22862640551889685,Residential
2024-01-05 11:00:00,42.916682068624866,10.639924543233292,0.39528308571355864,Residential
2024-01-05 12:00:00,36.29241100276248,25.06220921047906,0.2707155251987413,Residential
2024-01-05 13:00:00,57.18266315215993,26.545695571071242,0.3519092949212468,Office
2024-01-05 14:00:00,52.786767532194176,23.920617330062118,0.16999584339045776,Office
2024-01-05 15:00:00,42.02558978412531,20.392864675465198,0.3867622246960332,Residential
2024-01-05 16:00:00,31.868593306073357,27.19116374766663,0.10637669859102554,Office
2024-01-05 17:00:00,57.43032812682901,27.98992623358759,0.38823272089793487,Office
2024-01-05 18:00:00,46.154514086246586,27.298062363079985,0.2858036421860888,Office
2024-01-05 19:00:00,60.06297121092442,27.657857703877493,0.7024581575867339,Office
2024-01-05 20:00:00,43.646598950348164,19.611521532867908,0.09407885724417624,Office
2024-01-05 21:00:00,50.86776601377445,27.066406257006904,0.3049162192137179,Office
2024-01-05 22:00:00,71.0899558156691,25.860592483839746,0.40051814456005613,Office
2024-01-05 23:00:00,48.0671095183809,10.629162803316675,0.44549900951598953,Residential
2024-01-06 00:00:00,53.998239151582055,12.641337721792219,0.33062196472725797,Residential
2024-01-06 01:00:00,43.839454451396655,11.824361019550608,0.19666479025395517,Office
2024-01-06 02:00:00,65.6299489115933,16.550159059063375,0.5929455920185759,Residential
2024-01-06 03:00:00,59.779053562612866,26.38189242954068,0.14258248786851555,Office
2024-01-06 04:00:00,42.75126424989131,17.544182467545596,0.0686452886775108,Residential
2024-01-06 05:00:00,53.22838450075359,16.50499477847497,0.3868095720013135,Office
2024-01-06 06:00:00,40.239020574540426,15.402402503136924,0.4846119789543721,Residential
2024-01-06 07:00:00,45.75715020689726,23.930268739488493,0.33002463383112524,Office
2024-01-06 08:00:00,62.9640328473465,19.078693972037858,0.2730081658158537,Office
2024-01-06 09:00:00,64.085621294362,10.459867492901513,0.22125167589253864,Office
2024-01-06 10:00:00,65.2379129704388,15.23541392432444,0.09788619724955631,Office
2024-01-06 11:00:00,61.674226638243496,20.19706873018023,0.13335949078887463,Residential
2024-01-06 12:00:00,40.04078883813368,12.168637743625128,0.26215519539800003,Residential
2024-01-06 13:00:00,66.04852689689051,16.678215078927714,0.14390938038250511,Office
2024-01-06 14:00:00,39.12440988363261,15.846307241192225,0.15630697112247882,Office
2024-01-06 15:00:00,56.48710178130019,11.438159376016836,0.34952002343875377,Office
2024-01-06 16:00:00,71.533414398461,25.376175750084123,0.42377497680110754,Office
2024-01-06 17:00:00,83.2354147116192,17.129023446859627,0.11427507960631814,Residential
2024-01-06 18:00:00,45.23318908112382,20.886048542257463,0.423092550749922,Residential
2024-01-06 19:00:00,46.23507968893841,10.30581939887285,0.3123816194910148,Office
2024-01-06 20:00:00,46.68502603797621,19.516077951848878,0.13804870871072736,Residential
2024-01-06 21:00:00,48.208516773136566,15.526444083304442,0.0616136622172841,Residential
2024-01-06 22:00:00,41.843057175783024,18.88199780572453,0.19171418307129395,Residential
2024-01-06 23:00:00,85.706914558293,22.382417054395432,0.12694185703909322,Office
2024-01-07 00:00:00,51.647603286942264,22.40744379726568,0.41702517205876233,Residential
2024-01-07 01:00:00,59.08196243706733,23.335141399361877,0.5214803361915519,Office
2024-01-07 02:00:00,48.334372335548814,14.802380160469891,0.04664364974157838,Office
2024-01-07 03:00:00,53.92142176351965,21.219935194375005,0.39984940819757686,Residential
2024-01-07 04:00:00,73.45556428843955,28.428811032137293,0.15796003711220968,Residential
2024-01-07 05:00:00,36.92999377844534,24.625560535001227,0.38866724017347287,Residential
2024-01-07 06:00:00,64.03369905576852,22.511534854946483,0.2543117187716807,Office
2024-01-07 07:00:00,46.93820910061179,29.633100543733345,0.16616572054973333,Office
2024-01-07 08:00:00,35.358064950058065,27.55087818789908,0.17701732780522675,Residential
2024-01-07 09:00:00,44.607209124595165,28.81113202639185,0.010744186808658835,Residential
2024-01-07 10:00:00,38.76295888676793,12.55299621708864,0.2713212592236961,Residential
2024-01-07 11:00:00,41.15513655246877,23.22637155327527,0.3388746595846749,Office
2024-01-07 12:00:00,31.47228726785339,12.76332238400856,0.3981047232161173,Office
2024-01-07 13:00:00,25.191269139563747,25.04703815759587,0.46365773991122783,Residential
2024-01-07 14:00:00,50.56259323843503,23.910602728783143,0.12687222930878597,Office
2024-01-07 15:00:00,40.44828083770956,22.898426483748274,0.2707376755656594,Residential
2024-01-07 16:00:00,67.96353709610872,22.08669327104076,0.4326202097804589,Residential
2024-01-07 17:00:00,47.48622796031669,16.318658972284254,0.49357279135484317,Residential
2024-01-07 18:00:00,55.2905419202687,24.389336855458183,0.356043877054726,Office
2024-01-07 19:00:00,37.80121680554259,29.518210796436108,0.06923879620900526,Residential
2024-01-07 20:00:00,62.24649827548017,23.92240847092281,0.0774052054201865,Residential
2024-01-07 21:00:00,19.532991943985238,14.982981815390527,0.18304990205133542,Residential
2024-01-07 22:00:00,44.088915436051046,11.426609267640924,0.3885896676160743,Residential
2024-01-07 23:00:00,45.52920805809487,11.054223271768679,0.32589723056644904,Office
2024-01-08 00:00:00,52.78219893245087,22.403170577136017,0.08298464183791529,Office
2024-01-08 01:00:00,59.22359280072732,25.14959482040418,0.46922408215491074,Residential
2024-01-08 02:00:00,34.89197055600538,19.857126793067557,0.11237529123385383,Office
2024-01-08 03:00:00,54.10600137471325,27.245060061883898,0.48668397689980003,Office
2024-01-08 04:00:00,22.171737813967447,10.984266566630257,0.39867233658157,Office
2024-01-08 05:00:00,61.48794719257139,27.645285349020988,0.44736830228749463,Office
2024-01-08 06:00:00,43.360235543508374,12.922975727824095,0.18649124686485102,Office
2024-01-08 07:00:00,62.657654722749925,10.667614607684929,0.09329389922151793,Residential
2024-01-08 08:00:00,61.121612200582575,19.775744505916357,0.28079385229093423,Office
2024-01-08 09:00:00,44.25216587645238,13.131729852218918,0.11360300371418164,Residential
2024-01-08 10:00:00,76.57700159499524,18.973903092440484,0.6899496095243609,Office
2024-01-08 11:00:00,49.7467960338863,22.445124406359845,0.3060590282296774,Office
2024-01-08 12:00:00,63.6744451260016,20.965315428082647,0.43905390777408865,Office
2024-01-08 13:00:00,56.15725048481181,29.525378924129257,0.35523257390039625,Office
2024-01-08 14:00:00,59.53624632423246,23.429794699610586,0.15773966428270186,Residential
2024-01-08 15:00:00,54.520619845580576,14.36965407102184,0.19636484630217932,Office
2024-01-08 16:00:00,29.40178853135621,21.91826957434461,0.742631405722607,Residential
2024-01-08 17:00:00,66.44535233947738,20.310581789766857,0.19456763967106142,Residential
2024-01-08 18:00:00,10.770521080569594,21.280243202998427,0.2171527581045669,Office
2024-01-08 19:00:00,51.74605231952266,18.651385588393193,0.24713756028727313,Residential
2024-01-08 20:00:00,39.742973155300135,13.157199846514613,0.30305130743096453,Office
2024-01-08 21:00:00,49.61139063745364,28.947472057682184,0.21467198830735076,Residential
2024-01-08 22:00:00,57.46856007217119,28.50757229056793,0.2809706125231138,Residential
2024-01-08 23:00:00,44.63855292366733,23.527021137900427,0.2224195206479539,Office
2024-01-09 00:00:00,35.5033329854471,19.651408809611983,0.4079248049550067,Residential
2024-01-09 01:00:00,36.306171877608506,24.670706046028513,0.2839161034681851,Office
2024-01-09 02:00:00,52.87832665828702,24.905545623269987,0.36684730862978104,Residential
2024-01-09 03:00:00,50.86558356355256,21.012657751016164,0.3257252475887876,Residential
2024-01-09 04:00:00,52.92686405194454,10.419020963399996,0.2573323297957809,Residential
2024-01-09 05:00:00,37.51335383752321,26.831981455830658,0.27723660240760545,Residential
2024-01-09 06:00:00,36.12831053581371,19.379047816866823,0.2063861864345739,Residential
2024-01-09 07:00:00,67.65882238979042,16.224886548779637,0.5755945272594367,Residential
2024-01-09 08:00:00,60.89045395560163,14.955394041307557,0.32471362786453134,Residential
2024-01-09 09:00:00,17.083005801521715,18.808738522606433,0.35142413595797994,Residential
2024-01-09 10:00:00,56.59656840350215,10.403666593706504,0.127613039802454,Residential
2024-01-09 11:00:00,65.52916885792592,20.532890462863868,0.2427710791430608,Office
2024-01-09 12:00:00,43.18496860305114,13.322726204781448,0.23027953715388527,Office
2024-01-09 13:00:00,46.17974385993804,19.50697280572192,0.19153230219914272,Office
2024-01-09 14:00:00,76.92392683568713,23.940667663757445,0.4670820617129219,Office
2024-01-09 15:00:00,24.841573423928025,17.78179360048138,0.26693204302771706,Office
2024-01-09 16:00:00,37.11612824670678,16.97842667795164,0.28521306120651996,Residential
2024-01-09 17:00:00,35.24743410821645,20.17634985768757,0.18231583868318285,Office
2024-01-09 18:00:00,50.17452083316742,13.474008655756188,0.229593500498782,Residential
2024-01-09 19:00:00,31.740889932894184,12.417500908426906,0.06534660252211885,Office
2024-01-09 20:00:00,54.15912284011797,21.939197684349075,0.02351407789280702,Office
2024-01-09 21:00:00,50.6387893774803,28.454299123866345,0.20443118484227008,Residential
2024-01-09 22:00:00,56.415699023947695,18.309135497672713,0.6574379779844316,Office
2024-01-09 23:00:00,53.452288912789754,17.39140693155965,0.12600147325693745,Residential
2024-01-10 00:00:00,34.37199763116463,15.551580272192108,0.3570717461973256,Residential
2024-01-10 01:00:00,47.60765824415816,16.702809565045783,0.042962390570299214,Residential
2024-01-10 02:00:00,36.45623472571632,16.620300125959563,0.07564587795593246,Office
2024-01-10 03:00:00,32.91444681997352,25.537285716252093,0.13897218009819817,Residential
2024-01-10 04:00:00,44.03679135188785,15.055954438257668,0.13863862740940328,Residential
2024-01-10 05:00:00,42.80569266230646,11.716840434519249,0.42074526870587575,Office
2024-01-10 06:00:00,67.69181400364496,20.518125582320128,0.5222853633437906,Office
2024-01-10 07:00:00,83.71401637519756,16.96340779882602,0.50618215788014,Residential
2024-01-10 08:00:00,64.07902786526995,24.70993358231265,0.3459329377696353,Residential
2024-01-10 09:00:00,60.25892464683188,15.653974830567423,0.15160994095452415,Residential
2024-01-10 10:00:00,56.330887486204034,26.79885392406669,0.3378490297024672,Residential
2024-01-10 11:00:00,39.93518408462117,11.91672313805247,0.14272455902502434,Office
2024-01-10 12:00:00,40.75951343060267,20.593958398559867,0.3117745652621557,Office
2024-01-10 13:00:00,70.75139470565568,18.411513397654808,0.47838886997619123,Office
2024-01-10 14:00:00,42.50416083457998,11.55982740593206,0.5024348864881214,Residential
2024-01-10 15:00:00,53.24795741578304,29.70342437094075,0.6115166222719289,Residential
2024-01-10 16:00:00,21.438724527844773,24.49988191517596,0.5508952475898097,Residential
2024-01-10 17:00:00,26.573496574009653,27.584463908947292,0.2463248352079106,Residential
2024-01-10 18:00:00,46.77418064431177,12.584809293874123,0.25881109703415,Office
2024-01-10 19:00:00,65.63219882357255,14.859196347982452,0.31106095107589715,Residential
2024-01-10 20:00:00,73.57686527794283,28.491611138286423,0.07414819936730976,Office
2024-01-10 21:00:00,79.68995058934198,16.587914690209466,0.5654914951840334,Residential
2024-01-10 22:00:00,40.02683336118401,16.898747447079685,0.24467791385301457,Residential
2024-01-10 23:00:00,87.59798029394258,24.60281161176145,0.41429045850638035,Office
2024-01-11 00:00:00,52.77142568700208,24.488963710336265,0.06069812605422355,Office
2024-01-11 01:00:00,49.28719551160412,12.813842547438128,0.03431163681468843,Residential
2024-01-11 02:00:00,34.03560788821717,29.328501928610294,0.41745315914469,Residential
2024-01-11 03:00:00,46.3070592961383,27.79937154432794,0.2652874785024418,Residential
2024-01-11 04:00:00,57.22566606663017,23.405334035031917,0.41384524357900904,Residential
2024-01-11 05:00:00,74.95505601900949,10.466784015506514,0.35572784366884214,Office
2024-01-11 06:00:00,37.83406329575614,12.876375594784072,0.19007786422974332,Office
2024-01-11 07:00:00,45.43063287972565,18.42486686112545,0.3694077421992719,Residential
2024-01-11 08:00:00,81.11581547665186,11.60743425333737,0.18215526220394238,Office
2024-01-11 09:00:00,40.810155082366954,15.537401505598474,0.4966892350282498,Office
2024-01-11 10:00:00,31.63374492672841,26.85743976574093,0.2517439516072117,Residential
2024-01-11 11:00:00,57.19709194208609,16.92075481586585,0.21363256429104088,Residential
2024-01-11 12:00:00,58.28859126850641,20.17333103625046,0.4390993954575273,Office
2024-01-11 13:00:00,33.6118554190668,16.379382641934065,0.4755295349561399,Residential
2024-01-11 14:00:00,45.22443969394633,26.70887421997768,0.27217319714367216,Residential
2024-01-11 15:00:00,70.68184630414804,11.985909735438987,0.32270666513999297,Residential
2024-01-11 16:00:00,46.0062337061101,18.530381420328506,0.29538331554025393,Office
2024-01-11 17:00:00,24.94123972244917,10.886988758497838,0.5394876566936191,Residential
2024-01-11 18:00:00,59.050624337258085,29.154077767744578,0.2704109610095145,Residential
2024-01-11 19:00:00,60.05210344077271,27.745842238791404,0.22368252460817456,Office
2024-01-11 20:00:00,37.00786934186935,21.836397144989753,0.34696360809483057,Residential
2024-01-11 21:00:00,57.01808951253259,22.509993707412864,0.32614834970888856,Residential
2024-01-11 22:00:00,30.458094009234845,23.61124769295126,0.2618429971787843,Office
2024-01-11 23:00:00,61.553308658846774,14.81577690740799,0.29608266743496964,Office
2024-01-12 00:00:00,48.82646468313381,14.118264747005531,0.03287792543291719,Residential
2024-01-12 01:00:00,53.692434725892376,10.685655179548885,0.1322675013874344,Residential
2024-01-12 02:00:00,35.42125084909877,27.044155564474845,0.25306231778583654,Residential
2024-01-12 03:00:00,19.028379489929247,13.11114346113431,0.17802511325554934,Residential
2024-01-12 04:00:00,18.155342049765693,18.990103848056627,0.20825291088225675,Office
2024-01-12 05:00:00,63.45440856099664,25.465422384738055,0.29886839456978115,Residential
2024-01-12 06:00:00,64.7492638186318,25.629591429851953,0.18598442440197585,Residential
2024-01-12 07:00:00,70.58871338136885,23.07984684733061,0.4224704502537763,Residential
2024-01-12 08:00:00,40.71843155464879,25.243600227621947,0.34593385116101266,Residential
2024-01-12 09:00:00,72.29225358747809,26.874699713982608,0.37587032230816675,Office
2024-01-12 10:00:00,34.706300498028,17.103803038432112,0.2941544618513896,Residential
2024-01-12 11:00:00,56.96977760098728,17.943201964190063,0.5292998012427758,Residential
2024-01-12 12:00:00,46.17989027055515,23.054280936818447,0.06518811887952726,Office
2024-01-12 13:00:00,35.87339543259216,28.16803987683189,0.3409090842187489,Residential
2024-01-12 14:00:00,49.562197057544296,24.529101963088873,0.6000578153102138,Office
2024-01-12 15:00:00,67.7310364093714,17.285941589825,0.24355061114382082,Office
2024-01-12 16:00:00,66.3785578484127,19.639407571560692,0.4037598690633088,Office
2024-01-12 17:00:00,40.99068201476789,14.258524337347913,0.42618331526261727,Office
2024-01-12 18:00:00,31.519828761868865,12.068167724850465,0.08519999939234614,Office
2024-01-12 19:00:00,54.52421620617032,20.120120382693003,0.15249834992497027,Office
2024-01-12 20:00:00,86.36638557128248,11.570814433573258,0.09383578577763779,Office
2024-01-12 21:00:00,58.897672344533724,27.933917035489042,0.4508696736687939,Residential
2024-01-12 22:00:00,71.06529363764471,23.498744866659102,0.0889327264029669,Office
2024-01-12 23:00:00,53.12220874221163,20.33716676352679,0.14506438326886914,Residential
2024-01-13 00:00:00,68.62786709278558,22.268076532330593,0.1971641976032316,Office
2024-01-13 01:00:00,49.68332124513805,28.129011232324903,0.559809748671016,Residential
2024-01-13 02:00:00,41.850448517255856,14.8783644930038,0.06593130811291614,Office
2024-01-13 03:00:00,85.55323981944235,13.699077787695177,0.3365042105376278,Office
2024-01-13 04:00:00,49.12352511231956,26.91446638724301,0.5020939216573032,Residential
2024-01-13 05:00:00,50.16080193421619,16.3988999895674,0.3014178285011751,Residential
2024-01-13 06:00:00,31.646535001124747,20.003427399427256,0.12632845479173188,Residential
2024-01-13 07:00:00,33.864495430760016,25.080476654850997,0.5065225072578161,Office
2024-01-13 08:00:00,11.229264952336337,25.032188551536777,0.07969000920372987,Residential
2024-01-13 09:00:00,27.354957697473136,10.049298314332606,0.47282092773637674,Office
2024-01-13 10:00:00,41.238935375965056,29.01510827907126,0.3163353863120749,Office
2024-01-13 11:00:00,74.15617069445767,17.277414630455034,0.1292104573009268,Residential
2024-01-13 12:00:00,53.68481719779737,14.11528715800365,0.11517740934488696,Residential
2024-01-13 13:00:00,45.85714030365219,26.378093575967995,0.0990433711682962,Residential
2024-01-13 14:00:00,47.682723575061516,26.846694203394602,0.2933118476577077,Residential
2024-01-13 15:00:00,41.37643630464531,24.86353702754967,0.32637728503845115,Office
2024-01-13 16:00:00,52.77679794645903,27.43752682738407,0.29833795676424296,Office
2024-01-13 17:00:00,68.46459797273232,22.06080056832648,0.24930598034119186,Residential
2024-01-13 18:00:00,88.19613150995944,13.265334761872985,0.09248879215110573,Residential
2024-01-13 19:00:00,43.317652979769896,11.647516772110126,0.01863399583755999,Residential
2024-01-13 20:00:00,58.015068378284944,22.484264417098874,0.06467751178816707,Office
2024-01-13 21:00:00,40.80874524167119,20.52634926957611,0.3849655791073124,Office
2024-01-13 22:00:00,39.95407119233698,15.438815323427242,0.38768304360554634,Residential
2024-01-13 23:00:00,63.23528613873568,15.471114052310856,0.3052699315989525,Office
2024-01-14 00:00:00,48.66354231478506,14.58404320086802,0.0844153854538021,Residential
2024-01-14 01:00:00,49.7035795391588,17.359962452577143,0.029113729030603858,Office
2024-01-14 02:00:00,67.38932643587569,18.19130184694894,0.12813168024193278,Office
2024-01-14 03:00:00,61.494988689746,19.15456263757534,0.2229782710172148,Residential
2024-01-14 04:00:00,32.164127038245425,17.15254735789239,0.6076135267798781,Residential
2024-01-14 05:00:00,60.30972197846255,16.305893492634887,0.05429368477376989,Office
2024-01-14 06:00:00,41.95151904928821,24.29140876025958,0.06973686062029488,Residential
2024-01-14 07:00:00,70.25728504204676,13.594401304921423,0.4468981598840103,Office
2024-01-14 08:00:00,59.24231740914536,19.462226114526032,0.23893606028272552,Residential
2024-01-14 09:00:00,56.02104568082976,12.224125415798625,0.28365086341081197,Office
2024-01-14 10:00:00,40.18286229225627,13.104037297852045,0.276529428582019,Office
2024-01-14 11:00:00,16.080580604457417,28.429878082334007,0.4532439080928194,Residential
2024-01-14 12:00:00,69.15799175043469,25.77129114004828,0.049562446421092254,Office
2024-01-14 13:00:00,41.599278183433874,26.8025267221131,0.1790244094862686,Office
2024-01-14 14:00:00,60.36374458087052,22.09055021116064,0.159139928119973,Office
2024-01-14 15:00:00,39.6711218107963,17.76090726546737,0.38316507770028063,Residential
2024-01-14 16:00:00,51.54265740187213,16.85726516332582,0.18028680395788488,Office
2024-01-14 17:00:00,38.617794723803925,15.973545585869607,0.07564549357846037,Residential
2024-01-14 18:00:00,57.91602485695235,19.107754477843297,0.25216967063124446,Office
2024-01-14 19:00:00,46.24483295482547,14.816039210689883,0.3053563716472026,Residential
2024-01-14 20:00:00,50.92371352015113,13.559747228194075,0.45764386369129706,Office
2024-01-14 21:00:00,33.96542456614034,17.79084020741258,0.2845829343567697,Residential
2024-01-14 22:00:00,44.319149255655944,16.26880796863189,0.35941479631217116,Residential
2024-01-14 23:00:00,45.38687521974605,23.031639256716474,0.21487474604290754,Office
2024-01-15 00:00:00,40.93668492369788,27.417669452974366,0.37313592191716716,Residential
2024-01-15 01:00:00,54.40549416165541,16.87013972657038,0.2462442542156387,Office
2024-01-15 02:00:00,19.626623282639894,26.82042365682837,0.14589772201486514,Office
2024-01-15 03:00:00,48.42547038079814,15.836557812176224,0.20150641677276643,Office
2024-01-15 04:00:00,50.58257185585035,24.75913238842064,0.23667227969085983,Residential
2024-01-15 05:00:00,44.37332252154105,26.220793360083352,0.4368852122389304,Office
2024-01-15 06:00:00,57.86569572953869,18.583912649445256,0.3140417714474708,Office
2024-01-15 07:00:00,36.68279827176167,21.619075433833874,0.5375915075763648,Residential
2024-01-15 08:00:00,20.059023684132132,17.19118663287979,0.16687584252245619,Office
2024-01-15 09:00:00,81.61145258276039,10.407242326640382,0.2823223301606625,Residential
2024-01-15 10:00:00,43.14397043035143,26.895955058477888,0.2372178980461416,Residential
2024-01-15 11:00:00,29.397551496488596,10.577244114304987,0.41390548422326645,Residential
2024-01-15 12:00:00,44.633181066996485,11.416585975796343,0.3062645256378799,Residential
2024-01-15 13:00:00,53.15272956428928,17.340821031984248,0.09522972271852422,Office
2024-01-15 14:00:00,56.689918152191474,24.683772505456968,0.35673289947783376,Office
2024-01-15 15:00:00,43.876721345685276,20.310018097923773,0.534212163370971,Residential
2024-01-15 16:00:00,53.756383778706244,13.449978982922788,0.31227755963094356,Office
2024-01-15 17:00:00,65.11228869765628,25.102079376028243,0.10618659837201805,Office
2024-01-15 18:00:00,56.12550460069511,11.475347604942236,0.24649397769060866,Residential
2024-01-15 19:00:00,40.170617162627295,26.77538863630724,0.20326358784166332,Office
2024-01-15 20:00:00,100.0,21.104905019146944,0.4037503840380833,Office
2024-01-15 21:00:00,43.40202509149456,20.01482132771653,0.3625717317489701,Residential
2024-01-15 22:00:00,57.0473995347962,22.635878214384764,0.1058882190412359,Office
2024-01-15 23:00:00,64.83665326857161,22.007235905132227,0.47899101506021907,Office
2024-01-16 00:00:00,57.160705648010804,14.767574924547812,0.13062119915233375,Residential
2024-01-16 01:00:00,74.45419536175336,19.951969507484808,0.3525647061951386,Residential
2024-01-16 02:00:00,64.30277235994824,13.188230670061138,0.3168175602651064,Residential
2024-01-16 03:00:00,50.09934689130888,11.671695694518005,0.5380260483555245,Office
2024-01-16 04:00:00,32.29911844578797,28.027297172675055,0.43789043375316294,Office
2024-01-16 05:00:00,21.368736832855102,28.654375839034966,0.1224048884929054,Office
2024-01-16 06:00:00,62.25784620800928,29.71766969596921,0.28849610652089536,Office
2024-01-16 07:00:00,64.78243771843835,15.596230667641029,0.37182350104282746,Office
2024-01-16 08:00:00,74.67139880333238,28.697218640739386,0.06533211083892106,Residential
2024-01-16 09:00:00,52.73898742534292,29.847554576834067,0.28007106228501333,Office
2024-01-16 10:00:00,44.739352091069826,28.924393417667563,0.1275760622930475,Office
2024-01-16 11:00:00,55.92766842435533,19.03612428768102,0.3141832387740406,Residential
2024-01-16 12:00:00,41.301659403437654,16.97984654755028,0.15067581095453075,Office
2024-01-16 13:00:00,43.55017539909215,10.348549369906198,0.450357336399284,Residential
2024-01-16 14:00:00,49.15814369325313,26.447801285423,0.20558106347960536,Office
2024-01-16 15:00:00,73.6708680399971,10.779073902976887,0.1300755671259647,Office
2024-01-16 16:00:00,41.777797512714336,10.810380620337066,0.42655971220735245,Residential
2024-01-16 17:00:00,35.574831458212074,27.82751358569296,0.29113318725193316,Residential
2024-01-16 18:00:00,62.495124303839916,21.93229859540307,0.37099887792869607,Office
2024-01-16 19:00:00,70.78202100472723,23.79476517860826,0.16426304305504627,Residential
2024-01-16 20:00:00,45.82116384291483,24.414013531335186,0.4218497354837727,Office
2024-01-16 21:00:00,50.274169476238576,18.089313392837212,0.3014003963540927,Office
2024-01-16 22:00:00,46.488362619833815,18.393911751616717,0.15418889386421109,Office
2024-01-16 23:00:00,54.63920768405829,11.387612538229035,0.536846041347732,Residential
2024-01-17 00:00:00,61.6529179033645,18.6888207047524,0.1808974236762165,Residential
2024-01-17 01:00:00,37.176236173636795,26.84232557040074,0.19649198669622234,Office
2024-01-17 02:00:00,62.181370471317955,21.299564388065114,0.12913698573138438,Residential
2024-01-17 03:00:00,68.40887318108366,11.649335502548722,0.12169522143282537,Office
2024-01-17 04:00:00,38.01326454048483,17.345587065195243,0.22504703810107404,Office
2024-01-17 05:00:00,45.536811792819265,28.391363973178933,0.18005128793684502,Office
2024-01-17 06:00:00,60.613194865226816,17.698549431687052,0.09299685614761675,Residential
2024-01-17 07:00:00,41.966784836014234,25.61853627847688,0.11920568933944826,Office
2024-01-17 08:00:00,26.983085465037856,23.053930560610745,0.5168285514010069,Office
2024-01-17 09:00:00,43.64089750643658,15.268413045876635,0.5296169317023587,Residential
2024-01-17 10:00:00,73.40975653065172,18.853428286440977,0.43351466908950503,Office
2024-01-17 11:00:00,52.987477454681375,26.417294956536168,0.3566509086738951,Residential
2024-01-17 12:00:00,51.473022784804286,24.647094051958426,0.2043771992036736,Office
2024-01-17 13:00:00,41.812607822120256,14.989321084801588,0.40710791521764267,Residential
2024-01-17 14:00:00,44.577694238578516,22.777986404313236,0.2684306607270883,Office
2024-01-17 15:00:00,51.944555725399866,16.986056839511022,0.4161209733008846,Residential
2024-01-17 16:00:00,55.751045903025386,11.87934757831465,0.20256093712959847,Residential
2024-01-17 17:00:00,66.81904099818945,24.178014041336326,0.41411840088859303,Office
2024-01-17 18:00:00,28.845866948994157,29.834746790486683,0.2491961738899696,Residential
2024-01-17 19:00:00,46.25966233704548,11.474175793542043,0.15001684798171344,Residential
2024-01-17 20:00:00,37.57092538257437,23.268137131612562,0.13231647357661583,Residential
2024-01-17 21:00:00,43.55009138248011,22.072110376973704,0.0685863831889232,Residential
2024-01-17 22:00:00,21.18583663227019,26.765877908031193,0.4297168970355887,Residential
2024-01-17 23:00:00,71.08808882090592,11.258613265551505,0.5615698599420261,Residential
2024-01-18 00:00:00,73.75498891448287,20.697308641210604,0.24291408271035278,Residential
2024-01-18 01:00:00,53.512638759233404,27.693612095656842,0.5237335798555643,Residential
2024-01-18 02:00:00,56.511264927610476,29.905102637952876,0.3286233168745659,Office
2024-01-18 03:00:00,39.33233626840601,11.838007323859545,0.7820658518300312,Office
2024-01-18 04:00:00,59.85877516597913,21.560068205746234,0.11623467696358737,Residential
2024-01-18 05:00:00,53.405248841509646,19.3083352856564,0.4210057537349001,Residential
2024-01-18 06:00:00,45.016807769595474,23.70177553297858,0.20128335439124012,Residential
2024-01-18 07:00:00,32.64599995120824,24.711363919419405,0.36888175101921733,Office
2024-01-18 08:00:00,22.562652778771398,26.91981366781524,0.34403028265296703,Office
2024-01-18 09:00:00,49.096591406337105,25.85124037625201,0.5646398913101289,Residential
2024-01-18 10:00:00,27.468705668452596,13.356738717495285,0.054609444231170486,Office
2024-01-18 11:00:00,40.181253074516974,26.13627897196516,0.549234433101667,Residential
2024-01-18 12:00:00,42.9377351878428,13.301460227031887,0.12623559933218842,Residential
2024-01-18 13:00:00,39.29733276162378,28.707845307588354,0.2779405442086726,Office
2024-01-18 14:00:00,49.28763198406397,29.14351223665873,0.2408638381021661,Office
2024-01-18 15:00:00,53.394816466261574,17.305021183629098,0.33028706674890246,Office
2024-01-18 16:00:00,51.40000020104458,10.827971664079696,0.04102270221472803,Office
2024-01-18 17:00:00,69.533012056578,18.573286753106935,0.3290615367205011,Residential
2024-01-18 18:00:00,16.79696709591898,25.291705755793345,0.35308111610445947,Office
2024-01-18 19:00:00,51.99746190607379,24.248242361545707,0.1089106519035529,Office
2024-01-18 20:00:00,59.36203349580225,22.10196431313412,0.13815861389943485,Residential
2024-01-18 21:00:00,48.755667295381684,12.38874173142234,0.1958855021298179,Residential
2024-01-18 22:00:00,46.21331364410923,19.490604643431745,0.249090617778915,Office
2024-01-18 23:00:00,36.829214629236255,23.16577793806865,0.23853947668065265,Office
2024-01-19 00:00:00,24.099755991184363,26.775000738258207,0.3271093241483442,Residential
2024-01-19 01:00:00,56.02563591541755,26.83330153150267,0.344358588204139,Residential
2024-01-19 02:00:00,56.08935608341379,27.710166734164943,0.2080810459450017,Residential
2024-01-19 03:00:00,54.49857047220495,22.041840571301023,0.5850304395075774,Office
2024-01-19 04:00:00,53.648625156598385,11.571389873196694,0.3970797296206205,Office
2024-01-19 05:00:00,57.660914067201844,26.39541641577983,0.2308929953593511,Residential
2024-01-19 06:00:00,54.75242083592994,29.53554481162697,0.3307053869331705,Residential
2024-01-19 07:00:00,35.860386634073166,21.64669244741451,0.1928675087810525,Residential
2024-01-19 08:00:00,39.22936935914128,24.995182768416164,0.3595635777324816,Residential
2024-01-19 09:00:00,44.20540706187251,18.18347957091686,0.4289371661620729,Residential
2024-01-19 10:00:00,53.988363556087364,17.807541839973393,0.3061997390057796,Office
2024-01-19 11:00:00,48.785254795970985,25.10171732344777,0.21051873709257404,Office
2024-01-19 12:00:00,21.64826471646689,22.366792447985553,0.6393139566308511,Residential
2024-01-19 13:00:00,64.43139958612807,24.14938487430736,0.37225773523528594,Office
2024-01-19 14:00:00,77.76473773404322,10.934970211323671,0.13229512567169688,Office
2024-01-19 15:00:00,44.38607213405526,17.69752005124696,0.10572358910320828,Office
2024-01-19 16:00:00,16.756172929628853,20.00432101195216,0.49274511097757023,Office
2024-01-19 17:00:00,47.978430690593875,28.84093200101035,0.6370155775877481,Residential
2024-01-19 18:00:00,46.42167315497666,29.838486030498007,0.18969292879766345,Office
2024-01-19 19:00:00,64.01216716254527,26.16850048697849,0.16593368898852515,Office
2024-01-19 20:00:00,59.34862267233304,25.860323168070423,0.33666560719741656,Residential
2024-01-19 21:00:00,47.147770652443455,25.477807626095018,0.1707015952967208,Office
2024-01-19 22:00:00,59.76391696184377,13.514445747874317,0.37194135164317255,Residential
2024-01-19 23:00:00,86.64004763461413,13.448916750430335,0.25029480000849513,Residential
2024-01-20 00:00:00,44.195029235489336,21.376582017659832,0.11653486878049711,Office
2024-01-20 01:00:00,57.30773592031785,16.112587985773256,0.17863281311950857,Office
2024-01-20 02:00:00,48.245290388836494,27.48016792200599,0.2708783395832751,Residential
2024-01-20 03:00:00,49.46903881798423,13.294464340999312,0.13086525925687326,Office
2024-01-20 04:00:00,24.759109450858567,27.477227800463268,0.5916415197813923,Office
2024-01-20 05:00:00,52.26307710126821,25.34405862579252,0.03685026386966596,Office
2024-01-20 06:00:00,66.33811512325897,18.435855115411627,0.29834508179402913,Office
2024-01-20 07:00:00,38.49792095724546,17.40870468476729,0.163355158325194,Office
2024-01-20 08:00:00,73.43852553825349,15.762986407938993,0.5309710243215616,Office
2024-01-20 09:00:00,53.61393803960677,23.776134105766857,0.2182346814562008,Residential
2024-01-20 10:00:00,25.208336191487042,28.878841269976203,0.2226336458939755,Office
2024-01-20 11:00:00,50.91488173705899,24.82633683372992,0.43012758069061025,Residential
2024-01-20 12:00:00,47.39455106414326,11.931253928036229,0.24362273203417673,Office
2024-01-20 13:00:00,60.61587170509037,19.379681377617764,0.34870928310054283,Office
2024-01-20 14:00:00,50.10078702643915,26.497327942493378,0.5435101355778824,Office
2024-01-20 15:00:00,47.42123950991037,17.436668820151723,0.2799392481131887,Residential
2024-01-20 16:00:00,40.40389462371485,20.92278265684945,0.6799336690861931,Residential
2024-01-20 17:00:00,45.27702471240393,15.545416004767505,0.6777656586781687,Residential
2024-01-20 18:00:00,44.30420897245746,13.871467079410987,0.504883230993841,Office
2024-01-20 19:00:00,71.73173303855009,22.372762802098535,0.5855916245683576,Residential
2024-01-20 20:00:00,55.54368705224395,12.186098332894025,0.0496628964469462,Office
2024-01-20 21:00:00,48.87634421379869,22.200645921776307,0.13006628158093023,Office
2024-01-20 22:00:00,38.446818635855024,20.615821087139754,0.4120994418666175,Residential
2024-01-20 23:00:00,66.95424224370248,12.941937910210164,0.2410583049274012,Office
2024-01-21 00:00:00,56.26742365312904,15.746492914793526,0.22818529604787802,Office
2024-01-21 01:00:00,62.41466690383682,27.877756599942188,0.11538327712800246,Residential
2024-01-21 02:00:00,45.406035574873854,28.888006937514362,0.3453846438637227,Residential
2024-01-21 03:00:00,56.64804793590676,16.2380325130848,0.25276715707938385,Office
2024-01-21 04:00:00,37.382939429692236,27.723755327753384,0.06074623002347246,Office
2024-01-21 05:00:00,45.39597127536234,13.846356751617794,0.33812011816885135,Residential
2024-01-21 06:00:00,15.259475155422713,13.689866588368647,0.3726753375858744,Office
2024-01-21 07:00:00,45.01150869294022,13.879245642733602,0.06526352853339398,Residential
2024-01-21 08:00:00,37.536829733766645,25.693933062254306,0.35109547943762326,Office
2024-01-21 09:00:00,61.38659771059924,19.47754540029995,0.2833047655082044,Residential
2024-01-21 10:00:00,56.6242693223161,18.037030384130368,0.3898338153753056,Office
2024-01-21 11:00:00,46.047584887534235,22.5982664866062,0.331467236155243,Office
2024-01-21 12:00:00,31.54481504531132,24.53968145897271,0.33674170551793586,Office
2024-01-21 13:00:00,37.62008972971809,14.38663805911955,0.20455177829049442,Residential
2024-01-21 14:00:00,44.559215908140764,12.036705128982293,0.2491004826686486,Residential
2024-01-21 15:00:00,87.69744872818079,23.558054548119415,0.298528675737054,Residential
2024-01-21 16:00:00,57.149083587628404,17.941858437414368,0.6366494852643416,Office
2024-01-21 17:00:00,53.66724568178651,28.3805033195799,0.02337474189033724,Residential
2024-01-21 18:00:00,35.66060771031812,13.120860759854555,0.2237344394761975,Residential
2024-01-21 19:00:00,24.21881812108829,19.60695057510062,0.3534819590492182,Residential
2024-01-21 20:00:00,41.97453734549086,20.010101157994686,0.05743957616365329,Office
2024-01-21 21:00:00,61.23474084278237,14.06388315717618,0.20928076524088238,Office
2024-01-21 22:00:00,42.03468975898715,29.664597370634784,0.2637667109791107,Residential
2024-01-21 23:00:00,71.4431614007027,18.836716726298818,0.03333791769985598,Office
2024-01-22 00:00:00,61.85871919997909,29.800090155059422,0.16899204628386857,Residential
2024-01-22 01:00:00,35.74020179436013,19.178300954631283,0.11829813332166565,Residential
2024-01-22 02:00:00,34.41605936016301,21.360177739102795,0.02558789423877725,Office
2024-01-22 03:00:00,68.51729348082966,11.187519242805415,0.3901731517752867,Office
2024-01-22 04:00:00,22.65599391140227,21.44665424637754,0.2645546584794849,Residential
2024-01-22 05:00:00,18.614476363256202,18.59747452347788,0.23096984842933044,Residential
2024-01-22 06:00:00,86.76147133330753,17.991394515863433,0.37268040359173377,Office
2024-01-22 07:00:00,31.452585852100363,27.43510313784546,0.28402677482326805,Office
2024-01-22 08:00:00,40.885151240815226,23.259870449571004,0.13353400906905016,Office
2024-01-22 09:00:00,40.259380909922285,17.32465692034288,0.3159985858239732,Office
2024-01-22 10:00:00,43.122094919937965,20.291104125413174,0.1240414358201668,Residential
2024-01-22 11:00:00,44.58363870250093,21.699910272185498,0.16584255329430947,Office
2024-01-22 12:00:00,35.227961396238456,26.575302946683873,0.1123601046767504,Office
2024-01-22 13:00:00,25.762087695652298,29.589996575874096,0.21817269445379303,Office
2024-01-22 14:00:00,52.924035500694906,25.077079588379696,0.04943983858135085,Office
2024-01-22 15:00:00,33.84316947601842,12.298481921395155,0.1874029345997655,Residential
2024-01-22 16:00:00,42.24720763703115,15.513025869165189,0.25317360474535017,Office
2024-01-22 17:00:00,35.91843282689511,27.627644589122426,0.22720314660032875,Residential
2024-01-22 18:00:00,50.088955272310685,22.91758573418329,0.2602071464380923,Residential
2024-01-22 19:00:00,60.04329164129349,27.92629377835719,0.24457375139245494,Office
2024-01-22 20:00:00,63.23242796932194,29.549868768572075,0.3590460889362972,Office
2024-01-22 21:00:00,45.42355162114548,16.79583263111752,0.2472531548263097,Residential
2024-01-22 22:00:00,56.110494552913664,25.879268581767352,0.8259428727309487,Residential
2024-01-22 23:00:00,40.87813082463852,17.94440022933415,0.09013384201416111,Office
2024-01-23 00:00:00,57.79834407019275,24.557719975152242,0.5726075760859655,Office
2024-01-23 01:00:00,53.42227097603084,11.736548583624252,0.5092255782661146,Office
2024-01-23 02:00:00,51.224826742242044,26.847830157739583,0.1358984857387162,Office
2024-01-23 03:00:00,70.3141563115162,14.192976004130024,0.3637215366706928,Residential
2024-01-23 04:00:00,81.67879554392663,24.64686964555316,0.5439740531446361,Office
2024-01-23 05:00:00,31.416840604502564,19.025276543603,0.44445197336853515,Office
2024-01-23 06:00:00,54.55557491423945,20.97769484004745,0.3456227838538094,Office
2024-01-23 07:00:00,37.336452588595236,11.795776299941359,0.058835395317074095,Office
2024-01-23 08:00:00,29.6560398523388,23.733161570203208,0.10558987038439356,Office
2024-01-23 09:00:00,64.45317935191788,18.90425623274564,0.43727582208662313,Residential
2024-01-23 10:00:00,61.36943228228348,24.312355096476775,0.19995944058766707,Office
2024-01-23 11:00:00,38.62997761741432,15.397142496407723,0.29150612063704173,Residential
2024-01-23 12:00:00,33.80668254619175,26.846154494716956,0.4018390610396306,Office
2024-01-23 13:00:00,63.892756279441485,14.030093354223963,0.14582260267373248,Residential
2024-01-23 14:00:00,62.61076340146907,10.92001217433742,0.47268922280072606,Office
2024-01-23 15:00:00,74.71420026881299,25.462996620775172,0.577420278397496,Office
2024-01-23 16:00:00,70.39251481439453,23.178476448472914,0.20215575923506152,Residential
2024-01-23 17:00:00,51.71249518126414,20.167090937379832,0.29147554931271474,Office
2024-01-23 18:00:00,56.37231246457913,27.54915966546146,0.5775838579060495,Residential
2024-01-23 19:00:00,18.28990265451838,10.064559111972608,0.07004093371896693,Residential
2024-01-23 20:00:00,29.301444501770654,14.181424641894349,0.39529289710873655,Office
2024-01-23 21:00:00,66.19014350639901,27.74689802605537,0.08815726210112226,Residential
2024-01-23 22:00:00,48.68711197227295,19.54531179845224,0.1085603870825509,Office
2024-01-23 23:00:00,66.76814763012226,18.004515077104543,0.1395679977833892,Residential
2024-01-24 00:00:00,50.298087130003566,12.287817527313363,0.08928032132750588,Residential
2024-01-24 01:00:00,33.19999692111061,15.624365997017318,0.3474426211168961,Residential
2024-01-24 02:00:00,42.57736329806386,18.533665926423645,0.3407020352655078,Residential
2024-01-24 03:00:00,22.590827454250746,20.221745109534325,0.43950161070528454,Residential
2024-01-24 04:00:00,55.252787108441126,22.473895233558316,0.2392789274488838,Office
2024-01-24 05:00:00,64.24197671809902,10.687964108834349,0.6930196058606054,Office
2024-01-24 06:00:00,41.836466580994426,28.907345740308372,0.07251730468104371,Office
2024-01-24 07:00:00,47.64211693922253,27.808320917272045,0.03923693904273747,Office
2024-01-24 08:00:00,27.832931358108574,10.756216622945185,0.2550302468021605,Office
2024-01-24 09:00:00,67.41527973259522,14.65923190439522,0.37887164699001685,Office
2024-01-24 10:00:00,31.67290589343853,13.361570384234906,0.29772227034570353,Office
2024-01-24 11:00:00,51.32947491444096,16.24790330685034,0.3215313314660387,Residential
2024-01-24 12:00:00,66.87521117044577,25.408846953558193,0.2997549299949003,Office
2024-01-24 13:00:00,58.82931899122312,15.241095026111065,0.1557293215715532,Residential
2024-01-24 14:00:00,26.556143190692694,15.508205882113868,0.12356369903471649,Office
2024-01-24 15:00:00,53.188816183678135,18.22012331955103,0.16326196419426892,Residential
2024-01-24 16:00:00,73.62303108423833,24.530307944047422,0.220960262175266,Office
2024-01-24 17:00:00,57.5893151689261,27.567610640670637,0.5008880044261915,Office
2024-01-24 18:00:00,73.20137011968822,27.572188565791308,0.18828641989389075,Office
2024-01-24 19:00:00,73.87777709931169,11.562232401229268,0.16077021365971111,Residential
2024-01-24 20:00:00,48.84716285303684,21.135535998815534,0.17508378903909033,Residential
2024-01-24 21:00:00,60.79778537116312,10.889470330595008,0.25771719390837616,Residential
2024-01-24 22:00:00,34.28528876853762,22.601086099432308,0.1483484521538928,Office
2024-01-24 23:00:00,45.4615766043454,28.57989944817892,0.17901213073220587,Office
2024-01-25 00:00:00,42.01232156931718,22.786095634574473,0.3457144339393414,Residential
2024-01-25 01:00:00,52.68689172240807,27.297618847857045,0.3100284669394392,Residential
2024-01-25 02:00:00,64.32028871122424,12.587169480937643,0.22879086331078063,Office
2024-01-25 03:00:00,44.6496119721973,14.911726706516736,0.2887550875006166,Residential
2024-01-25 04:00:00,55.0155943644945,15.980837087749824,0.08644723234947983,Residential
2024-01-25 05:00:00,40.967013187586154,25.28647709871791,0.009587408863698948,Office
2024-01-25 06:00:00,69.30288386473603,15.445982204500858,0.19838517962689406,Office
2024-01-25 07:00:00,41.12103614669078,25.079694945150827,0.19931465229214912,Office
2024-01-25 08:00:00,52.614525402169384,23.269728819714903,0.26464983242035545,Office
2024-01-25 09:00:00,47.78399297324243,16.055482090490713,0.42462329288746525,Residential
2024-01-25 10:00:00,38.38561926864819,23.949839870234815,0.29358907777948495,Office
2024-01-25 11:00:00,44.49511262878674,12.051047323778752,0.40108986035528293,Residential
2024-01-25 12:00:00,61.00167601465415,23.25434668694811,0.17654554398118488,Residential
2024-01-25 13:00:00,54.02790232274916,27.73673850574571,0.3531116215837167,Office
2024-01-25 14:00:00,38.87087728653991,21.230398167015238,0.27530953438889616,Office
2024-01-25 15:00:00,49.990021769999274,18.483432464267157,0.15651435702681754,Residential
2024-01-25 16:00:00,68.03435271175194,26.01281802988079,0.1182350409488545,Residential
2024-01-25 17:00:00,70.86894724667255,13.121700103823372,0.19794960461478667,Residential
2024-01-25 18:00:00,52.73462443883147,17.73833484556674,0.33233995161182933,Office
2024-01-25 19:00:00,30.929115103443404,17.501171531330236,0.21009249153400192,Office
2024-01-25 20:00:00,61.61964769477974,26.40160276978142,0.28307702555341685,Residential
2024-01-25 21:00:00,44.010958208377055,15.252685325919353,0.658623764592196,Residential
2024-01-25 22:00:00,36.27468125336479,14.666754023403481,0.15308381647631833,Residential
2024-01-25 23:00:00,20.555489534446387,10.101492932109597,0.2788288473497811,Residential
2024-01-26 00:00:00,46.9230713450148,17.02762013377844,0.339074775312716,Office
2024-01-26 01:00:00,55.35524774488595,21.55594267132727,0.08992525203676612,Residential
2024-01-26 02:00:00,47.12163987102769,20.86009951359193,0.4879328690329767,Residential
2024-01-26 03:00:00,50.21321129536288,16.058896527761352,0.39178707731643814,Residential
2024-01-26 04:00:00,47.730499922741345,11.4972410332207,0.4146402683746333,Office
2024-01-26 05:00:00,42.98249895011495,20.415530258206807,0.06306468565277104,Residential
2024-01-26 06:00:00,66.52128377732197,10.953262297503521,0.13422962508136171,Residential
2024-01-26 07:00:00,60.18938454772989,21.771532775369337,0.32773368963212507,Office
2024-01-26 08:00:00,66.19380438017961,12.333912864810708,0.3215489704992627,Office
2024-01-26 09:00:00,48.480101993840265,21.640303536536116,0.30505452127293137,Office
2024-01-26 10:00:00,49.52748262094097,22.774781153037488,0.17709239565705165,Residential
2024-01-26 11:00:00,60.79794091545531,10.803172345695085,0.35150613200403263,Residential
2024-01-26 12:00:00,31.122270614021797,10.978607824338662,0.3047378494697971,Residential
2024-01-26 13:00:00,54.34574301472723,25.30161321006438,0.17630951215814594,Residential
2024-01-26 14:00:00,39.572918650068615,21.9638119996609,0.13448182617883403,Residential
2024-01-26 15:00:00,20.80093113881808,22.53783430737844,0.13335670323290358,Residential
2024-01-26 16:00:00,46.38564126990714,27.856307775226764,0.08122751432380018,Residential
2024-01-26 17:00:00,51.71033152807206,25.012376450300984,0.23963054357295616,Office
2024-01-26 18:00:00,40.46794432034094,24.15995297011927,0.37272146399912115,Residential
2024-01-26 19:00:00,44.209684803711355,27.770682177589585,0.321401140489703,Residential
2024-01-26 20:00:00,36.3077707992874,15.064356066348259,0.1301239764435175,Residential
2024-01-26 21:00:00,56.55652675696137,24.31624653153255,0.6019971029490836,Office
2024-01-26 22:00:00,52.89513042499086,22.672947895687297,0.12033908505781324,Office
2024-01-26 23:00:00,42.393925883848695,17.285990224355558,0.3611444498999506,Office
2024-01-27 00:00:00,36.817224642699834,21.847607267790824,0.5294547451042165,Office
2024-01-27 01:00:00,44.759491159588094,13.383601062683754,0.05149293583027428,Residential
2024-01-27 02:00:00,46.5704831441027,22.26047814640944,0.0659000502020223,Residential
2024-01-27 03:00:00,37.02489912752414,29.774705635743793,0.37276452187892556,Residential
2024-01-27 04:00:00,77.17282641845584,18.356600637767336,0.0429795132181515,Residential
2024-01-27 05:00:00,49.799303042579005,27.860571895942886,0.8039135730689415,Residential
2024-01-27 06:00:00,47.958796803948374,19.90387791665847,0.06396129403771426,Office
2024-01-27 07:00:00,24.89356822129144,15.600638990705454,0.12008969569484955,Residential
2024-01-27 08:00:00,23.260285925382107,18.125494094664916,0.07101799608807575,Residential
2024-01-27 09:00:00,47.05103791695678,24.2262326754266,0.3023476904190907,Residential
2024-01-27 10:00:00,77.50228318883718,27.496289327382154,0.665263261170509,Office
2024-01-27 11:00:00,69.43704105241325,16.945814900544196,0.3089532966139508,Office
2024-01-27 12:00:00,59.915176709892215,24.98642830642749,0.28141661817815933,Residential
2024-01-27 13:00:00,30.961617562110593,17.520475164701516,0.24294696270785165,Office
2024-01-27 14:00:00,49.45444320263383,27.343589094748385,0.190947904342516,Office
2024-01-27 15:00:00,32.98053556312746,20.13482630924618,0.13064394950489916,Residential
2024-01-27 16:00:00,61.66260045094641,19.186499576910904,0.2264133344279436,Office
2024-01-27 17:00:00,59.59032996841152,29.949943974674696,0.18385355717862978,Office
2024-01-27 18:00:00,29.137389654665196,23.959066976600766,0.49476667512094624,Office
2024-01-27 19:00:00,61.71891380664176,19.293935653606678,0.43024488082391565,Office
2024-01-27 20:00:00,35.4039993564861,22.441722875373898,0.19125550532488703,Office
2024-01-27 21:00:00,45.11523913249131,12.367716388556186,0.17125531069359598,Residential
2024-01-27 22:00:00,54.27266089867969,19.478546473839707,0.5757317376836852,Residential
2024-01-27 23:00:00,31.815734771042365,24.14811898217694,0.34239744496608004,Office
2024-01-28 00:00:00,63.84339811761446,21.849455080563956,0.6204977965033343,Office
2024-01-28 01:00:00,40.77085326130534,23.70880952745489,0.04125439078432975,Office
2024-01-28 02:00:00,48.93334337604279,24.484365954377914,0.4464563068184974,Residential
2024-01-28 03:00:00,63.8641424090579,19.804547517190112,0.3334588862736849,Office
2024-01-28 04:00:00,58.53323037770447,19.626074391133976,0.36276183907617743,Office
2024-01-28 05:00:00,62.95621941873863,15.600115737832922,0.35206007626600866,Residential
2024-01-28 06:00:00,55.0142572358021,25.65243271641753,0.33281920064744575,Residential
2024-01-28 07:00:00,26.727261271014257,10.133120356262754,0.08183489740417063,Office
2024-01-28 08:00:00,58.95323423840984,11.006367321713363,0.39692559298281194,Residential
2024-01-28 09:00:00,9.06264661443251,21.479905902773865,0.38188405824879534,Residential
2024-01-28 10:00:00,38.6184864508015,25.025349000523804,0.3814811336305899,Office
2024-01-28 11:00:00,88.66195273281076,17.04579030889616,0.43835246976276093,Office
2024-01-28 12:00:00,59.49963540316426,27.202870686116285,0.4994646748156182,Residential
2024-01-28 13:00:00,45.410755887155375,29.84835417955713,0.1679623106487081,Office
2024-01-28 14:00:00,54.007864813017626,25.277747766408524,0.46473103925191206,Residential
2024-01-28 15:00:00,55.14532466738877,20.365313863940493,0.44155888327762094,Office
2024-01-28 16:00:00,31.85292523129341,25.52103214140777,0.31042681670767214,Office
2024-01-28 17:00:00,42.414468371385745,10.152205767383322,0.3756339709054868,Residential
2024-01-28 18:00:00,25.723771191005948,16.069414754476902,0.34326568618463854,Office
2024-01-28 19:00:00,65.57412724069337,16.927660313284434,0.5416670435926861,Office
2024-01-28 20:00:00,68.51871085788088,13.175049287468298,0.044960753108779034,Office
2024-01-28 21:00:00,67.93371152924112,22.492360189409865,0.39987548913279725,Office
2024-01-28 22:00:00,41.61815444298007,14.582955221256654,0.1619091677812799,Residential
2024-01-28 23:00:00,41.1931310814452,27.43163072541497,0.3286088901380343,Office
2024-01-29 00:00:00,56.20243456819506,16.616806885918077,0.053702862542050346,Office
2024-01-29 01:00:00,68.86448749838597,22.40984835247891,0.12476704035866017,Office
2024-01-29 02:00:00,68.64516541139855,17.973952945357333,0.37431683408834915,Office
2024-01-29 03:00:00,52.054377214265365,19.71526666290089,0.22209306109516597,Residential
2024-01-29 04:00:00,64.34880459835641,14.668197974329015,0.2833578297826232,Office
2024-01-29 05:00:00,38.128881488381985,10.78182314575892,0.16848380167428162,Residential
2024-01-29 06:00:00,50.70411513125413,17.891415397147426,0.26797136796325577,Residential
2024-01-29 07:00:00,65.00538108964403,25.974855359807425,0.2208162717849687,Office
2024-01-29 08:00:00,52.58958021141186,23.483463336573244,0.4634334088703472,Residential
2024-01-29 09:00:00,49.605479526263416,28.8504005183655,0.267019451467213,Residential
2024-01-29 10:00:00,41.74472840330383,22.842318110992018,0.27516880168287505,Office
2024-01-29 11:00:00,46.3964327027114,10.984288806948284,0.3796345316021455,Office
2024-01-29 12:00:00,64.79327014000839,14.328190222941634,0.24714252749360205,Residential
2024-01-29 13:00:00,46.84024697887498,18.71246811339392,0.06918467293843654,Office
2024-01-29 14:00:00,48.08951724165793,15.095927356598581,0.38034377161980454,Office
2024-01-29 15:00:00,49.130020283219686,10.856442363521133,0.35182121127684407,Office
2024-01-29 16:00:00,51.97872224034711,26.09842100083029,0.18466752140872167,Office
2024-01-29 17:00:00,66.96365749301717,18.64791523309168,0.16837889781793236,Residential
2024-01-29 18:00:00,60.907949670742376,21.66241396344752,0.2529570090250947,Office
2024-01-29 19:00:00,49.01462218926401,15.625520208977248,0.07905586438853549,Residential
2024-01-29 20:00:00,41.584676666869996,22.68772731844798,0.46686302591765494,Office
2024-01-29 21:00:00,68.82374022834301,24.256614551941627,0.6664692004029531,Residential
2024-01-29 22:00:00,49.81508806214636,19.664952089120554,0.4610806773269706,Office
2024-01-29 23:00:00,49.47792105684466,28.30622730266052,0.12745010023612852,Residential
2024-01-30 00:00:00,39.09487790819108,18.000128988442654,0.2784102812410496,Office
2024-01-30 01:00:00,53.03095228886278,17.70402494623029,0.30664487024430953,Office
2024-01-30 02:00:00,54.72140437363416,21.453964306759346,0.1824269468274369,Office
2024-01-30 03:00:00,50.22729076027685,14.20080703283423,0.2995288254489667,Residential
2024-01-30 04:00:00,59.89565736491264,11.214757682392735,0.6934558425979973,Office
2024-01-30 05:00:00,62.14299648892031,19.215782827311166,0.39787986474262677,Residential
2024-01-30 06:00:00,55.885004479173794,22.185160522394348,0.08380748995735725,Office
2024-01-30 07:00:00,34.85207934022933,17.3078349207779,0.36042405937102756,Residential
2024-01-30 08:00:00,65.61235986191656,28.00143419236112,0.5209998317596286,Residential
2024-01-30 09:00:00,49.7826791144401,26.626730329071517,0.07369354202994546,Residential
2024-01-30 10:00:00,66.39462524209445,25.14147907353236,0.09081512785026323,Office
2024-01-30 11:00:00,26.372046631441528,21.030210048269105,0.1859572047556826,Residential
2024-01-30 12:00:00,59.51834288845798,25.90603544122692,0.3106356874466275,Residential
2024-01-30 13:00:00,80.95872566889119,11.052710369014802,0.506694517404673,Residential
2024-01-30 14:00:00,69.86759495820297,11.611112958890562,0.36387811671565085,Residential
2024-01-30 15:00:00,17.185546234498105,23.286057360773338,0.04066540035208919,Residential
2024-01-30 16:00:00,55.948570677023,12.100053716202709,0.2550738367399014,Office
2024-01-30 17:00:00,8.47642231035605,15.575139371751824,0.212039734806154,Office
2024-01-30 18:00:00,58.470458524702806,20.491018694372197,0.14901457750796734,Office
2024-01-30 19:00:00,68.60636062897265,18.701285354165957,0.3571382315888534,Residential
2024-01-30 20:00:00,45.4790592479438,24.669445342207744,0.7392787269566249,Residential
2024-01-30 21:00:00,55.89218681458416,29.59672375095579,0.22846141422577493,Office
2024-01-30 22:00:00,48.57687972194106,28.855740377505235,0.4032469606433971,Residential
2024-01-30 23:00:00,40.89200974317894,28.003779898158744,0.14340797677399852,Office
